ğŸ˜€,face,grin,smile,grinning face,smiling,smiling,happy,,
ğŸ˜ƒ,face,grinning face with big eyes,open,mouth,smile,smiling,happy,,
ğŸ˜„,eye,face,mouth,grinning face with smiling eyes,open,smile,smiling,,
ğŸ˜,beaming face with smiling eyes,eye,grin,face,smile,smiling,happy,,
ğŸ˜†,face,grinning squinting face,mouth,laugh,satisfied,smile,smiling,squint,happy
ğŸ˜…,cold,face,open,grinning face with sweat,smile,sweat,smiling,laugh,funny
ğŸ¤£,face,floor,rofl,laugh,rolling,rolling on the floor laughing,rotfl,funny,cry
ğŸ˜‚,face,face with tears of joy,laugh,joy,tear,funny,cry,,
ğŸ™‚,face,slightly smiling face,smiling,smile,,,,,
ğŸ™ƒ,face,upside-down,sarcasm,silly,sarcastic,uh oh,,,
ğŸ˜‰,face,wink,winking face,,,,,,
ğŸ˜Š,blush,eye,smile,face,smiling face with smiling eyes,,,,
ğŸ˜‡,angel,face,halo,fantasy,innocent,smiling face with halo,,,
ğŸ¥°,adore,crush,in love,hearts,smiling face with hearts,,,,
ğŸ˜,eye,face,smile,love,smiling face with heart-eyes,hearts,,,
ğŸ¤©,eyes,face,star,grinning,star-struck,,,,
ğŸ˜˜,face,face blowing a kiss,flirt,kiss,kiss with heart,,,,
ğŸ˜—,face,kiss,pout,kissing face,,,,,
ğŸ˜š,closed,eye,kiss,face,kissing face with closed eyes,kiss squinty,,,
ğŸ˜™,eye,face,kissing face with smiling eyes,kiss,smile,,,,
ğŸ¥²,grateful,proud,smiling,relieved,smiling face with tear,tear,touched,,
ğŸ˜‹,delicious,face,savouring,face savoring food,smile,yum,,,
ğŸ˜›,face,face with tongue,tongue,,,,,,
ğŸ˜œ,eye,face,tongue,joke,wink,winking face with tongue,,,
ğŸ¤ª,eye,goofy,small,large,zany face,silly,,,
ğŸ˜,eye,face,squinting face with tongue,horrible,taste,tongue,,,
ğŸ¤‘,face,money,mouth,money-mouth face,,,,,
ğŸ¤—,face,hug,hugging,,,,,,
ğŸ¤­,face with hand over mouth,whoops,shush,shh,,,,,
ğŸ¤«,quiet,shush,shh,shushing face,,,,,
ğŸ¤”,face,thinking,,,,,,,
ğŸ¤,face,mouth,zipper-mouth face,zipper,shh,,,,
ğŸ¤¨,distrust,face with raised eyebrow,unsure,skeptic,,,,,
ğŸ˜,deadpan,face,neutral,meh,,,,,
ğŸ˜‘,expressionless,face,meh,inexpressive,unexpressive,,,,
ğŸ˜¶,face,face without mouth,quiet,mouth,silent,,,,
ğŸ˜¶â€ğŸŒ«,absentminded,face in clouds,head in clouds,face in the fog,,,,,
ğŸ˜,face,smirk,smirking face,,,,,,
ğŸ˜’,face,unamused,unhappy,,,,,,
ğŸ™„,eyeroll,eyes,face with rolling eyes,face,rolling,,,,
ğŸ˜¬,face,grimace,grimacing face,,,,,,
ğŸ˜®â€ğŸ’¨,exhale,face exhaling,groan,gasp,relief,whisper,whistle,,
ğŸ¤¥,face,lie,pinocchio,lying face,,,,,
ğŸ˜Œ,face,relieved,,,,,,,
ğŸ˜”,dejected,face,pensive,,,,,,
ğŸ˜ª,face,sleep,snore,sleepy face,,,,,
ğŸ¤¤,drooling,face,,,,,,,
ğŸ˜´,face,sleep,zzz,sleeping face,tired,,,,
ğŸ˜·,cold,doctor,face with medical mask,face,mask,sick,,,
ğŸ¤’,face,face with thermometer,sick,ill,thermometer,,,,
ğŸ¤•,bandage,face,hurt,face with head-bandage,injury,,,,
ğŸ¤¢,face,nauseated,sick,vomit,throw up,,,,
ğŸ¤®,face vomiting,puke,vomit,sick,throw up,,,,
ğŸ¤§,face,gesundheit,sneezing face,sneeze,sick,,,,
ğŸ¥µ,feverish,heat stroke,hot face,hot,red-faced,sweating,,,
ğŸ¥¶,blue-faced,cold,freezing,cold face,frostbite,icicles,,,
ğŸ¥´,dizzy,intoxicated,uneven eyes,tipsy,wavy mouth,woozy face,drunk,,
ğŸ˜µ,dead,face,knocked-out face,knocked out,,,,,
ğŸ˜µâ€ğŸ’«,dizzy,face with spiral eyes,spiral,hypnotized,trouble,whoa,,,
ğŸ¤¯,exploding head,mind blown,shocked,mind blown,,,,,
ğŸ¤ ,cowboy,cowgirl,hat,face,,,,,
ğŸ¥³,celebration,hat,party,horn,partying face,,,,
ğŸ¥¸,disguise,disguised face,glasses,face,incognito,nose,,,
ğŸ˜,bright,cool,smiling face with sunglasses,face,sun,sunglasses,,,
ğŸ¤“,face,geek,glasses,nerd,smart,,,,
ğŸ§,face with monocle,stuffy,,,,,,,
ğŸ˜•,confused,face,meh,,,,,,
ğŸ˜Ÿ,face,worried,sad,,,,,,
ğŸ™,face,frown,sad,slightly frowning face,,,,,
ğŸ˜®,face,face with open mouth,open,mouth,sympathy,wow,,,
ğŸ˜¯,face,hushed,surprised,stunned,,,,,
ğŸ˜²,astonished,face,totally,shocked,wow,,,,
ğŸ˜³,dazed,face,flushed,,,,,,
ğŸ¥º,begging,mercy,puppy eyes,pleading face,cute,,,,
ğŸ˜¦,face,frown,mouth,frowning face with open mouth,open,,,,
ğŸ˜§,anguished,face,,,,,,,
ğŸ˜¨,face,fear,scared,fearful,,,,,
ğŸ˜°,anxious face with sweat,blue,face,cold,rushed,sweat,,,
ğŸ˜¥,disappointed,face,sad but relieved face,relieved,whew,,,,
ğŸ˜¢,cry,crying face,sad,face,tear,,,,
ğŸ˜­,cry,face,sad,loudly crying face,sob,tear,,,
ğŸ˜±,face,face screaming in fear,munch,fear,scared,scream,,,
ğŸ˜–,confounded,face,,,,,,,
ğŸ˜£,face,persevere,persevering face,,,,,,
ğŸ˜,disappointed,face,,,,,,,
ğŸ˜“,cold,downcast face with sweat,sweat,face,,,,,
ğŸ˜©,face,tired,despair,weary,,,,,
ğŸ˜«,face,tired,despair,,,,,,
ğŸ¥±,bored,tired,yawning face,yawn,,,,,
ğŸ˜¤,face,face with steam from nose,won,triumph,angry,,,,
ğŸ˜¡,angry,face,pouting,mad,rage,red,,,
ğŸ˜ ,anger,angry,mad,face,,,,,
ğŸ¤¬,face with symbols on mouth,swearing,,,,,,,
ğŸ˜ˆ,face,fairy tale,horns,fantasy,smile,smiling face with horns,,,
ğŸ‘¿,angry face with horns,demon,face,devil,fantasy,imp,,,
ğŸ’€,death,face,monster,fairy tale,skull,dead,funny,,
ğŸ’©,dung,face,pile of poo,monster,poo,poop,,,
ğŸ¤¡,clown,face,silly,,,,,,
ğŸ‘¹,creature,face,fantasy,fairy tale,monster,ogre,devil,demon,
ğŸ‘º,creature,face,fantasy,fairy tale,goblin,monster,devil,demon,
ğŸ‘»,creature,face,fantasy,fairy tale,ghost,monster,boo,spooky,
ğŸ‘½,alien,creature,face,extraterrestrial,fantasy,ufo,,,
ğŸ‘¾,alien,creature,face,extraterrestrial,monster,ufo,,,
ğŸ¤–,face,monster,robot,,,,,,
ğŸ˜º,cat,face,mouth,grinning,open,smile,,,
ğŸ˜¸,cat,eye,grin,face,grinning cat with smiling eyes,smile,,,
ğŸ˜¹,cat,cat with tears of joy,joy,face,tear,,,,
ğŸ˜»,cat,eye,heart,face,love,smile,smiling cat with heart-eyes,,
ğŸ˜¼,cat,cat with wry smile,ironic,face,smile,wry,,,
ğŸ˜½,cat,eye,kiss,face,kissing cat,,,,
ğŸ™€,cat,face,surprised,oh,weary,,,,
ğŸ˜¿,cat,cry,face,crying cat,sad,tear,,,
ğŸ˜¾,cat,face,pouting,,,,,,
ğŸ™ˆ,evil,face,monkey,forbidden,see,see-no-evil monkey,,,
ğŸ™‰,evil,face,hear,forbidden,hear-no-evil monkey,monkey,,,
ğŸ™Š,evil,face,monkey,forbidden,speak,speak-no-evil monkey,,,
ğŸ’‹,kiss,kiss mark,lips,,,,,,
ğŸ’Œ,heart,letter,mail,love,,,,,
ğŸ’˜,arrow,cupid,heart with arrow,,,,,,
ğŸ’,heart with ribbon,ribbon,valentine,,,,,,
ğŸ’–,excited,sparkle,sparkling heart,,,,,,
ğŸ’—,excited,growing,nervous,growing heart,pulse,,,,
ğŸ’“,beating,beating heart,pulsating,heartbeat,,,,,
ğŸ’,revolving,revolving hearts,,,,,,,
ğŸ’•,love,two hearts,,,,,,,
ğŸ’Ÿ,heart,heart decoration,,,,,,,
ğŸ’”,break,broken,broken heart,,,,,,
â¤â€ğŸ”¥,burn,heart,love,heart on fire,lust,sacred heart,,,
â¤â€ğŸ©¹,healthier,improving,mending heart,mending,recovering,recuperating,well,,
ğŸ§¡,orange,orange heart,,,,,,,
ğŸ’›,yellow,yellow heart,,,,,,,
ğŸ’š,green,green heart,,,,,,,
ğŸ’™,blue,blue heart,,,,,,,
ğŸ’œ,purple,purple heart,,,,,,,
ğŸ¤,brown,heart,,,,,,,
ğŸ–¤,black,black heart,wicked,evil,,,,,
ğŸ¤,heart,white,,,,,,,
ğŸ’¯,100,full,hundred points,hundred,score,,,,
ğŸ’¢,anger symbol,angry,mad,comic,,,,,
ğŸ’¥,boom,collision,comic,,,,,,
ğŸ’«,comic,dizzy,star,,,,,,
ğŸ’¦,comic,splashing,sweat droplets,sweat,,,,,
ğŸ’¨,comic,dash,running,dashing away,,,,,
ğŸ•³,hole,,,,,,,,
ğŸ’£,bomb,comic,,,,,,,
ğŸ’¬,balloon,bubble,dialog,comic,speech,,,,
ğŸ—¯,angry,balloon,mad,bubble,right anger bubble,danger,,,
ğŸ’­,balloon,bubble,thought,comic,,,,,
ğŸ’¤,comic,sleep,zzz,,,,,,
ğŸ‘‹,hand,wave,waving,,,,,,
ğŸ¤š,backhand,raised,raised back of hand,,,,,,
ğŸ–,finger,hand,splayed,hand with fingers splayed,,,,,
âœ‹,hand,high 5,raised hand,high five,,,,,
ğŸ––,finger,hand,vulcan,spock,vulcan salute,,,,
ğŸ‘Œ,hand,OK,,,,,,,
ğŸ¤Œ,fingers,hand gesture,pinched,interrogation,sarcastic,,,,
ğŸ¤,pinching hand,small amount,little,,,,,,
âœŒ,hand,v,victory,,,,,,
ğŸ¤,cross,crossed fingers,hand,finger,luck,,,,
ğŸ¤Ÿ,hand,ILY,love-you gesture,,,,,,
ğŸ¤˜,finger,hand,rock-on,horns,sign of the horns,metal,,,
ğŸ¤™,call,call me hand,hand,shaka sign,right on,thanks,,,
ğŸ‘ˆ,backhand,backhand index pointing left,hand,finger,index,point,,,
ğŸ‘‰,backhand,backhand index pointing right,hand,finger,index,point,,,
ğŸ‘†,backhand,backhand index pointing up,hand,finger,point,up,,,
ğŸ–•,finger,hand,middle finger,,,,,,
ğŸ‘‡,backhand,backhand index pointing down,finger,down,hand,point,,,
â˜,finger,hand,index pointing up,index,point,up,,,
ğŸ‘,+1,hand,thumbs up,thumb,up,,,,
ğŸ‘,-1,down,thumb,hand,thumbs down,,,,
âœŠ,clenched,fist,punch,hand,raised fist,,,,
ğŸ‘Š,clenched,fist,oncoming fist,hand,punch,,,,
ğŸ¤›,fist,left-facing fist,bump,leftwards,,,,,
ğŸ¤œ,fist,right-facing fist,bump,rightwards,,,,,
ğŸ‘,clap,clapping hands,hand,,,,,,
ğŸ™Œ,celebration,gesture,hooray,hand,raised,raising hands,,,
ğŸ‘,hand,open,open hands,,,,,,
ğŸ¤²,palms up together,prayer,,,,,,,
ğŸ¤,agreement,hand,meeting,handshake,shake,,,,
ğŸ™,ask,folded hands,high 5,hand,high five,please,pray,thanks,
âœ,hand,write,writing hand,,,,,,
ğŸ’…,care,cosmetics,nail,manicure,polish,,,,
ğŸ¤³,camera,phone,selfie,,,,,,
ğŸ’ª,biceps,comic,flexed biceps,flex,muscle,strong,,,
ğŸ¦¾,accessibility,mechanical arm,metal,prosthetic,strong,,,,
ğŸ¦¿,accessibility,mechanical leg,metal,prosthetic,,,,,
ğŸ¦µ,kick,leg,limb,,,,,,
ğŸ¦¶,foot,kick,stomp,,,,,,
ğŸ‘‚,body,ear,,,,,,,
ğŸ¦»,accessibility,ear with hearing aid,hard of hearing,,,,,,
ğŸ‘ƒ,body,nose,,,,,,,
ğŸ§ ,brain,intelligent,,,,,,,
ğŸ«€,anatomical,cardiology,organ,heart,pulse,,,,
ğŸ«,breath,exhalation,lungs,inhalation,organ,respiration,,,
ğŸ¦·,dentist,tooth,,,,,,,
ğŸ¦´,bone,skeleton,,,,,,,
ğŸ‘€,eye,eyes,look,stare,,,,,
ğŸ‘,body,eye,stare,,,,,,
ğŸ‘…,body,tongue,,,,,,,
ğŸ‘„,lips,mouth,,,,,,,
ğŸ‘¶,baby,young,,,,,,,
ğŸ§’,child,gender-neutral,young,unspecified gender,,,,,
ğŸ‘¦,boy,young,,,,,,,
ğŸ‘§,girl,Virgo,zodiac,young,,,,,
ğŸ§‘,adult,gender-neutral,unspecified gender,person,,,,,
ğŸ‘±,blond,blond-haired person,person: blond hair,hair,,,,,
ğŸ‘¨,adult,man,male,,,,,,
ğŸ§”,beard,person,person: beard,,,,,,
ğŸ§”â€â™‚,beard,man,male,man: beard,,,,,
ğŸ‘±â€â™‚,blond,blond-haired man,man,hair,man: blond hair,male,,,
ğŸ‘©,adult,woman,female,,,,,,
ğŸ§”â€â™€,beard,woman,female,woman: beard,,,,,
ğŸ‘±â€â™€,blond-haired woman,blonde,woman,hair,woman: blond hair,female,,,
ğŸ§“,adult,gender-neutral,older person,old,unspecified gender,,,,
ğŸ‘´,adult,man,male,old,,,,,
ğŸ‘µ,adult,old,female,woman,,,,,
ğŸ™,frown,gesture,male,person frowning,,,,,
ğŸ™â€â™‚,frowning,gesture,male,man,,,,,
ğŸ™â€â™€,frowning,gesture,female,woman,,,,,
ğŸ™,gesture,person pouting,pouting,,,,,,
ğŸ™â€â™‚,gesture,man,male,pouting,,,,,
ğŸ™â€â™€,gesture,pouting,female,woman,,,,,
ğŸ™…,forbidden,gesture,person gesturing NO,hand,prohibited,X,,,
ğŸ™…â€â™‚,forbidden,gesture,man,hand,man gesturing NO,prohibited,X,male,
ğŸ™…â€â™€,forbidden,gesture,prohibited,hand,woman,woman gesturing NO,X,female,
ğŸ™†,gesture,hand,person gesturing OK,OK,,,,,
ğŸ™†â€â™‚,gesture,hand,man gesturing OK,man,OK,male,,,
ğŸ™†â€â™€,gesture,hand,woman,OK,woman gesturing OK,female,,,
ğŸ’,hand,help,person tipping hand,information,sassy,tipping,,,
ğŸ’â€â™‚,man,man tipping hand,tipping hand,sassy,male,,,,
ğŸ’â€â™€,sassy,tipping hand,woman tipping hand,woman,female,,,,
ğŸ™‹,gesture,hand,person raising hand,happy,raised,,,,
ğŸ™‹â€â™‚,gesture,man,raising hand,man raising hand,male,,,,
ğŸ™‹â€â™€,gesture,raising hand,woman raising hand,woman,female,,,,
ğŸ§,accessibility,deaf,ear,deaf person,hear,,,,
ğŸ§â€â™‚,deaf,man,male,ear,hear,,,,
ğŸ§â€â™€,deaf,woman,female,ear,hear,,,,
ğŸ™‡,apology,bow,person bowing,gesture,sorry,,,,
ğŸ™‡â€â™‚,apology,bowing,gesture,favor,man,sorry,male,,
ğŸ™‡â€â™€,apology,bowing,gesture,favor,sorry,woman,female,,
ğŸ¤¦,disbelief,exasperation,palm,face,person facepalming,,,,
ğŸ¤¦â€â™‚,disbelief,exasperation,man,facepalm,man facepalming,male,,,
ğŸ¤¦â€â™€,disbelief,exasperation,woman,facepalm,woman facepalming,female,,,
ğŸ¤·,doubt,ignorance,person shrugging,indifference,shrug,,,,
ğŸ¤·â€â™‚,doubt,ignorance,man,indifference,man shrugging,shrug,male,idk,don't know
ğŸ¤·â€â™€,doubt,ignorance,shrug,indifference,woman,woman shrugging,female,idk,don't know
ğŸ§‘â€âš•,doctor,health worker,nurse,healthcare,therapist,,,,
ğŸ‘¨â€âš•,doctor,healthcare,man health worker,man,nurse,therapist,male,,
ğŸ‘©â€âš•,doctor,healthcare,therapist,nurse,woman,woman health worker,female,,
ğŸ§‘â€ğŸ“,graduate,student,,,,,,,
ğŸ‘¨â€ğŸ“,graduate,man,male,student,,,,,
ğŸ‘©â€ğŸ“,graduate,student,female,woman,,,,,
ğŸ§‘â€ğŸ«,instructor,professor,teacher,,,,,,
ğŸ‘¨â€ğŸ«,instructor,man,teacher,professor,male,,,,
ğŸ‘©â€ğŸ«,instructor,professor,woman,teacher,female,,,,
ğŸ§‘â€âš–,judge,justice,scales,law,court,,,,
ğŸ‘¨â€âš–,judge,justice,scales,man,male,law,court,,
ğŸ‘©â€âš–,judge,justice,woman,scales,female,law,court,,
ğŸ§‘â€ğŸŒ¾,farmer,gardener,rancher,,,,,,
ğŸ‘¨â€ğŸŒ¾,farmer,gardener,rancher,man,male,,,,
ğŸ‘©â€ğŸŒ¾,farmer,gardener,woman,rancher,female,,,,
ğŸ§‘â€ğŸ³,chef,cook,,,,,,,
ğŸ‘¨â€ğŸ³,chef,cook,man,male,,,,,
ğŸ‘©â€ğŸ³,chef,cook,woman,female,,,,,
ğŸ§‘â€ğŸ”§,electrician,mechanic,tradesperson,plumber,,,,,
ğŸ‘¨â€ğŸ”§,electrician,man,plumber,mechanic,tradesperson,male,,,
ğŸ‘©â€ğŸ”§,electrician,mechanic,tradesperson,plumber,woman,female,,,
ğŸ§‘â€ğŸ­,assembly,factory,worker,industrial,,,,,
ğŸ‘¨â€ğŸ­,assembly,factory,man,industrial,worker,male,,,
ğŸ‘©â€ğŸ­,assembly,factory,woman,industrial,worker,female,,,
ğŸ§‘â€ğŸ’¼,architect,business,office worker,manager,white-collar,,,,
ğŸ‘¨â€ğŸ’¼,architect,business,man office worker,man,manager,white-collar,male,,
ğŸ‘©â€ğŸ’¼,architect,business,white-collar,manager,woman,woman office worker,female,,
ğŸ§‘â€ğŸ”¬,biologist,chemist,physicist,engineer,scientist,,,,
ğŸ‘¨â€ğŸ”¬,biologist,chemist,man,engineer,physicist,scientist,male,,
ğŸ‘©â€ğŸ”¬,biologist,chemist,physicist,engineer,scientist,woman,female,,
ğŸ§‘â€ğŸ’»,coder,developer,software,inventor,technologist,,,,
ğŸ‘¨â€ğŸ’»,coder,developer,man,inventor,software,technologist,male,,
ğŸ‘©â€ğŸ’»,coder,developer,software,inventor,technologist,woman,female,,
ğŸ§‘â€ğŸ¤,actor,entertainer,singer,rock,star,,,,
ğŸ‘¨â€ğŸ¤,actor,entertainer,rock,man,singer,star,male,,
ğŸ‘©â€ğŸ¤,actor,entertainer,singer,rock,star,woman,female,,
ğŸ§‘â€ğŸ¨,artist,palette,,,,,,,
ğŸ‘¨â€ğŸ¨,artist,man,male,palette,,,,,
ğŸ‘©â€ğŸ¨,artist,palette,female,woman,,,,,
ğŸ§‘â€âœˆ,pilot,plane,,,,,,,
ğŸ‘¨â€âœˆ,man,pilot,male,plane,,,,,
ğŸ‘©â€âœˆ,pilot,plane,female,woman,,,,,
ğŸ§‘â€ğŸš€,astronaut,rocket,,,,,,,
ğŸ‘¨â€ğŸš€,astronaut,man,male,rocket,,,,,
ğŸ‘©â€ğŸš€,astronaut,rocket,female,woman,,,,,
ğŸ§‘â€ğŸš’,firefighter,firetruck,,,,,,,
ğŸ‘¨â€ğŸš’,firefighter,firetruck,male,man,,,,,
ğŸ‘©â€ğŸš’,firefighter,firetruck,female,woman,,,,,
ğŸ‘®,cop,officer,police,,,,,,
ğŸ‘®â€â™‚,cop,man,police,officer,male,,,,
ğŸ‘®â€â™€,cop,officer,woman,police,female,,,,
ğŸ•µ,detective,sleuth,spy,,,,,,
ğŸ•µâ€â™‚,detective,man,spy,sleuth,male,,,,
ğŸ•µâ€â™€,detective,sleuth,woman,spy,female,,,,
ğŸ’‚,guard,,,,,,,,
ğŸ’‚â€â™‚,guard,man,male,,,,,,
ğŸ’‚â€â™€,guard,woman,female,,,,,,
ğŸ¥·,fighter,hidden,stealth,ninja,,,,,
ğŸ‘·,construction,hat,worker,,,,,,
ğŸ‘·â€â™‚,construction,man,male,worker,,,,,
ğŸ‘·â€â™€,construction,woman,female,worker,,,,,
ğŸ¤´,prince,,,,,,,,
ğŸ‘¸,fairy tale,fantasy,princess,,,,,,
ğŸ‘³,person wearing turban,turban,,,,,,,
ğŸ‘³â€â™‚,man,man wearing turban,male,turban,,,,,
ğŸ‘³â€â™€,turban,woman,female,woman wearing turban,,,,,
ğŸ‘²,cap,gua pi mao,person,hat,person with skullcap,skullcap,,,
ğŸ§•,headscarf,hijab,tichel,mantilla,woman with headscarf,,,,
ğŸ¤µ,groom,person,tuxedo,person in tuxedo,,,,,
ğŸ¤µâ€â™‚,man,man in tuxedo,male,tuxedo,,,,,
ğŸ¤µâ€â™€,tuxedo,woman,female,woman in tuxedo,,,,,
ğŸ‘°,bride,person,veil,person with veil,wedding,,,,
ğŸ‘°â€â™‚,man,man with veil,male,veil,,,,,
ğŸ‘°â€â™€,veil,woman,female,woman with veil,,,,,
ğŸ¤°,pregnant,woman,female,,,,,,
ğŸ¤±,baby,breast,nursing,breast-feeding,,,,,
ğŸ‘©â€ğŸ¼,baby,feeding,woman,nursing,female,,,,
ğŸ‘¨â€ğŸ¼,baby,feeding,nursing,man,male,,,,
ğŸ§‘â€ğŸ¼,baby,feeding,person,nursing,,,,,
ğŸ‘¼,angel,baby,fairy tale,face,fantasy,,,,
ğŸ…,celebration,Christmas,father,claus,santa,Santa Claus,male,,
ğŸ¤¶,celebration,Christmas,mother,claus,Mrs.,Mrs. Claus,female,,
ğŸ§‘â€ğŸ„,"Claus, christmas",mx claus,,,,,,,
ğŸ¦¸,good,hero,superhero,heroine,superpower,,,,
ğŸ¦¸â€â™‚,good,hero,man superhero,man,superpower,male,,,
ğŸ¦¸â€â™€,good,hero,superpower,heroine,woman,woman superhero,female,,
ğŸ¦¹,criminal,evil,supervillain,superpower,villain,,,,
ğŸ¦¹â€â™‚,criminal,evil,man supervillain,man,superpower,villain,male,,
ğŸ¦¹â€â™€,criminal,evil,villain,superpower,woman,woman supervillain,female,,
ğŸ§™,mage,sorcerer,witch,sorceress,wizard,,,,
ğŸ§™â€â™‚,man mage,sorcerer,male,wizard,,,,,
ğŸ§™â€â™€,sorceress,witch,female,woman mage,,,,,
ğŸ§š,fairy,Oberon,Titania,Puck,,,,,
ğŸ§šâ€â™‚,man fairy,Oberon,male,Puck,,,,,
ğŸ§šâ€â™€,Titania,woman fairy,female,,,,,,
ğŸ§›,Dracula,undead,vampire,,,,,,
ğŸ§›â€â™‚,Dracula,man vampire,male,undead,,,,,
ğŸ§›â€â™€,undead,woman vampire,female,,,,,,
ğŸ§œ,mermaid,merman,merwoman,merperson,,,,,
ğŸ§œâ€â™‚,merman,Triton,male,,,,,,
ğŸ§œâ€â™€,mermaid,merwoman,female,,,,,,
ğŸ§,elf,magical,,,,,,,
ğŸ§â€â™‚,magical,man elf,male,,,,,,
ğŸ§â€â™€,magical,woman elf,female,,,,,,
ğŸ§,djinn,genie,,,,,,,
ğŸ§â€â™‚,djinn,man genie,male,,,,,,
ğŸ§â€â™€,djinn,woman genie,female,,,,,,
ğŸ§Ÿ,undead,walking dead,zombie,,,,,,
ğŸ§Ÿâ€â™‚,man zombie,undead,male,walking dead,,,,,
ğŸ§Ÿâ€â™€,undead,walking dead,female,woman zombie,,,,,
ğŸ’†,face,massage,salon,person getting massage,,,,,
ğŸ’†â€â™‚,face,man,massage,man getting massage,male,,,,
ğŸ’†â€â™€,face,massage,woman getting massage,woman,female,,,,
ğŸ’‡,barber,beauty,parlor,haircut,person getting haircut,,,,
ğŸ’‡â€â™‚,haircut,man,male,man getting haircut,,,,,
ğŸ’‡â€â™€,haircut,woman,female,woman getting haircut,,,,,
ğŸš¶,hike,person walking,walking,walk,,,,,
ğŸš¶â€â™‚,hike,man,walk,man walking,male,,,,
ğŸš¶â€â™€,hike,walk,woman walking,woman,female,,,,
ğŸ§,person standing,stand,standing,,,,,,
ğŸ§â€â™‚,man,standing,male,,,,,,
ğŸ§â€â™€,standing,woman,female,,,,,,
ğŸ§,kneel,kneeling,person kneeling,,,,,,
ğŸ§â€â™‚,kneeling,man,male,,,,,,
ğŸ§â€â™€,kneeling,woman,female,,,,,,
ğŸ§‘â€ğŸ¦¯,accessibility,blind,person with white cane,,,,,,
ğŸ‘¨â€ğŸ¦¯,accessibility,blind,man with white cane,man,male,,,,
ğŸ‘©â€ğŸ¦¯,accessibility,blind,woman with white cane,woman,female,,,,
ğŸ§‘â€ğŸ¦¼,accessibility,person in motorized wheelchair,wheelchair,,,,,,
ğŸ‘¨â€ğŸ¦¼,accessibility,man,wheelchair,man in motorized wheelchair,male,,,,
ğŸ‘©â€ğŸ¦¼,accessibility,wheelchair,woman in motorized wheelchair,woman,female,,,,
ğŸ§‘â€ğŸ¦½,accessibility,person in manual wheelchair,wheelchair,,,,,,
ğŸ‘¨â€ğŸ¦½,accessibility,man,wheelchair,man in manual wheelchair,male,,,,
ğŸ‘©â€ğŸ¦½,accessibility,wheelchair,woman in manual wheelchair,woman,female,,,,
ğŸƒ,marathon,person running,running,,,,,,
ğŸƒâ€â™‚,man,marathon,running,racing,male,,,,
ğŸƒâ€â™€,marathon,racing,woman,running,female,,,,
ğŸ’ƒ,dance,dancing,female,woman,,,,,
ğŸ•º,dance,dancing,male,man,,,,,
ğŸ•´,business,person,suit,person in suit levitating,,,,,
ğŸ‘¯,bunny ear,dancer,people with bunny ears,partying,,,,,
ğŸ‘¯â€â™‚,bunny ear,dancer,men with bunny ears,men,partying,,,,
ğŸ‘¯â€â™€,bunny ear,dancer,women,partying,women with bunny ears,,,,
ğŸ§–,person in steamy room,sauna,steam room,,,,,,
ğŸ§–â€â™‚,man in steamy room,sauna,male,steam room,,,,,
ğŸ§–â€â™€,sauna,steam room,female,woman in steamy room,,,,,
ğŸ§—,climber,person climbing,,,,,,,
ğŸ§—â€â™‚,climber,man climbing,male,,,,,,
ğŸ§—â€â™€,climber,woman climbing,female,,,,,,
ğŸ¤º,fencer,fencing,sword,person fencing,,,,,
ğŸ‡,horse,jockey,racing,racehorse,,,,,
â›·,ski,skier,snow,,,,,,
ğŸ‚,ski,snow,snowboarder,snowboard,,,,,
ğŸŒ,ball,golf,person golfing,,,,,,
ğŸŒâ€â™‚,golf,man,male,man golfing,,,,,
ğŸŒâ€â™€,golf,woman,female,woman golfing,,,,,
ğŸ„,person surfing,surfing,,,,,,,
ğŸ„â€â™‚,man,surfing,male,,,,,,
ğŸ„â€â™€,surfing,woman,female,,,,,,
ğŸš£,boat,person rowing boat,rowboat,,,,,,
ğŸš£â€â™‚,boat,man,rowboat,man rowing boat,male,,,,
ğŸš£â€â™€,boat,rowboat,woman rowing boat,woman,female,,,,
ğŸŠ,person swimming,swim,,,,,,,
ğŸŠâ€â™‚,man,man swimming,male,swim,,,,,
ğŸŠâ€â™€,swim,woman,female,woman swimming,,,,,
â›¹,ball,person bouncing ball,,,,,,,
â›¹â€â™‚,ball,man,male,man bouncing ball,,,,,
â›¹â€â™€,ball,woman,female,woman bouncing ball,,,,,
ğŸ‹,lifter,person lifting weights,weight,,,,,,
ğŸ‹â€â™‚,man,man lifting weights,male,weight lifter,,,,,
ğŸ‹â€â™€,weight lifter,woman,female,woman lifting weights,,,,,
ğŸš´,bicycle,biking,person biking,cyclist,,,,,
ğŸš´â€â™‚,bicycle,biking,man,cyclist,male,,,,
ğŸš´â€â™€,bicycle,biking,woman,cyclist,female,,,,
ğŸšµ,bicycle,bicyclist,cyclist,bike,mountain,person mountain biking,,,
ğŸšµâ€â™‚,bicycle,bike,man,cyclist,man mountain biking,mountain,male,,
ğŸšµâ€â™€,bicycle,bike,cyclist,biking,mountain,woman,female,,
ğŸ¤¸,cartwheel,gymnastics,person cartwheeling,,,,,,
ğŸ¤¸â€â™‚,cartwheel,gymnastics,man cartwheeling,man,male,,,,
ğŸ¤¸â€â™€,cartwheel,gymnastics,woman cartwheeling,woman,female,,,,
ğŸ¤¼,people wrestling,wrestle,wrestler,,,,,,
ğŸ¤¼â€â™‚,men,men wrestling,wrestle,,,,,,
ğŸ¤¼â€â™€,women,women wrestling,wrestle,,,,,,
ğŸ¤½,person playing water polo,polo,water,,,,,,
ğŸ¤½â€â™‚,man,man playing water polo,male,water polo,,,,,
ğŸ¤½â€â™€,water polo,woman,female,woman playing water polo,,,,,
ğŸ¤¾,ball,handball,person playing handball,,,,,,
ğŸ¤¾â€â™‚,handball,man,male,man playing handball,,,,,
ğŸ¤¾â€â™€,handball,woman,female,woman playing handball,,,,,
ğŸ¤¹,balance,juggle,person juggling,multitask,skill,,,,
ğŸ¤¹â€â™‚,juggling,man,male,multitask,,,,,
ğŸ¤¹â€â™€,juggling,multitask,female,woman,,,,,
ğŸ§˜,meditation,person in lotus position,yoga,meditate,,,,,
ğŸ§˜â€â™‚,man in lotus position,meditation,male,yoga,meditate,,,,
ğŸ§˜â€â™€,meditation,woman in lotus position,female,yoga,meditate,,,,
ğŸ›€,bath,bathtub,person taking bath,bathing,,,,,
ğŸ›Œ,hotel,person in bed,sleep,bed,sleeping,,,,
ğŸ§‘â€ğŸ¤â€ğŸ§‘,couple,hand,holding hands,hold,people holding hands,person,,,
ğŸ‘­,couple,hand,women,holding hands,women holding hands,female,,,
ğŸ‘«,couple,hand,holding hands,hold,man,woman,woman and man holding hands,female,male
ğŸ‘¬,couple,Gemini,man,holding hands,men,men holding hands,twins,zodiac,male
ğŸ’,couple,kiss,,,,,,,
ğŸ’‘,couple,couple with heart,love,,,,,,
ğŸ‘ª,family,,,,,,,,
ğŸ—£,face,head,speak,silhouette,speaking,shadow,shout,,
ğŸ‘¤,bust,bust in silhouette,silhouette,shadow,,,,,
ğŸ‘¥,bust,busts in silhouette,silhouette,shadow,,,,,
ğŸ«‚,goodbye,hello,people hugging,hug,thanks,shadow,,,
ğŸ‘£,clothing,footprint,print,footprints,,,,,
ğŸ¦°,ginger,red hair,redhead,red,,,,,
ğŸ¦±,afro,curly,ringlets,curly hair,,,,,
ğŸ¦³,gray,hair,white,old,grey,,,,
ğŸ¦²,bald,chemotherapy,no hair,hairless,shaven,,,,
ğŸµ,face,monkey,,,,,,,
ğŸ’,monkey,,,,,,,,
ğŸ¦,gorilla,,,,,,,,
ğŸ¦§,ape,orangutan,,,,,,,
ğŸ¶,dog,face,pet,puppy,,,,,
ğŸ•,dog,pet,puppy,,,,,,
ğŸ¦®,accessibility,blind,guide dog,guide,dog,assistance,service,,
ğŸ•â€ğŸ¦º,accessibility,assistance,service,dog,,,,,
ğŸ©,dog,poodle,,,,,,,
ğŸº,face,wolf,,,,,,,
ğŸ¦Š,face,fox,,,,,,,
ğŸ¦,curious,raccoon,sly,,,,,,
ğŸ±,cat,face,pet,kitten,kitty,,,,
ğŸˆ,cat,pet,kitten,kitty,,,,,
ğŸˆâ€â¬›,black,cat,unlucky,kitty,kitten,,,,
ğŸ¦,face,Leo,zodiac,lion,,,,,
ğŸ¯,face,tiger,,,,,,,
ğŸ…,tiger,,,,,,,,
ğŸ†,leopard,cheetah,jaguar,panther,,,,,
ğŸ´,face,horse,,,,,,,
ğŸ,equestrian,horse,racing,racehorse,,,,,
ğŸ¦„,face,unicorn,,,,,,,
ğŸ¦“,stripe,zebra,,,,,,,
ğŸ¦Œ,deer,elk,moose,antelope,reindeer,,,,
ğŸ¦¬,bison,buffalo,wisent,herd,,,,,
ğŸ®,cow,face,moo,,,,,,
ğŸ‚,bull,ox,zodiac,Taurus,cow,,,,
ğŸƒ,buffalo,water,,,,,,,
ğŸ„,cow,moo,,,,,,,
ğŸ·,face,pig,piggy,,,,,,
ğŸ–,pig,sow,piggy,,,,,,
ğŸ—,boar,pig,piggy,,,,,,
ğŸ½,face,nose,pig,piggy,,,,,
ğŸ,Aries,male,sheep,ram,zodiac,,,,
ğŸ‘,ewe,female,sheep,,,,,,
ğŸ,Capricorn,goat,zodiac,,,,,,
ğŸª,camel,dromedary,hump,desert,,,,,
ğŸ«,bactrian,camel,two-hump camel,hump,desert,,,,
ğŸ¦™,alpaca,guanaco,vicuÃ±a,llama,wool,,,,
ğŸ¦’,giraffe,spots,,,,,,,
ğŸ˜,elephant,,,,,,,,
ğŸ¦£,extinction,large,tusk,mammoth,woolly,,,,
ğŸ¦,rhinoceros,rhino,,,,,,,
ğŸ¦›,hippo,hippopotamus,,,,,,,
ğŸ­,face,mouse,,,,,,,
ğŸ,mouse,,,,,,,,
ğŸ€,rat,,,,,,,,
ğŸ¹,face,hamster,pet,gerbil,chinchilla,guinea pig,,,
ğŸ°,bunny,face,rabbit,pet,,,,,
ğŸ‡,bunny,pet,rabbit,,,,,,
ğŸ¿,chipmunk,squirrel,nuts,acorn,,,,,
ğŸ¦«,beaver,dam,,,,,,,
ğŸ¦”,hedgehog,spiny,,,,,,,
ğŸ¦‡,bat,vampire,,,,,,,
ğŸ»,bear,face,,,,,,,
ğŸ»â€â„,arctic,bear,white,polar bear,,,,,
ğŸ¨,bear,koala,,,,,,,
ğŸ¼,face,panda,bear,,,,,,
ğŸ¦¥,lazy,sloth,slow,,,,,,
ğŸ¦¦,fishing,otter,playful,,,,,,
ğŸ¦¨,skunk,stink,,,,,,,
ğŸ¦˜,Australia,joey,kangaroo,jump,marsupial,,,,
ğŸ¦¡,badger,honey badger,pester,,,,,,
ğŸ¾,feet,paw,print,paw prints,,,,,
ğŸ¦ƒ,bird,turkey,,,,,,,
ğŸ”,bird,chicken,hen,,,,,,
ğŸ“,bird,rooster,hen,chicken,,,,,
ğŸ£,baby,bird,hatching,chick,,,,,
ğŸ¤,baby,bird,chick,,,,,,
ğŸ¥,baby,bird,front-facing baby chick,chick,,,,,
ğŸ¦,bird,,,,,,,,
ğŸ§,bird,penguin,,,,,,,
ğŸ•Š,bird,dove,peace,fly,,,,,
ğŸ¦…,bird,eagle,,,,,,,
ğŸ¦†,bird,duck,,,,,,,
ğŸ¦¢,bird,cygnet,ugly duckling,swan,,,,,
ğŸ¦‰,bird,owl,wise,,,,,,
ğŸ¦¤,dodo,extinction,Mauritius,large,,,,,
ğŸª¶,bird,feather,light,flight,plumage,,,,
ğŸ¦©,flamboyant,flamingo,tropical,,,,,,
ğŸ¦š,bird,ostentatious,peahen,peacock,proud,,,,
ğŸ¦œ,bird,parrot,talk,pirate,,,,,
ğŸ¸,face,frog,,,,,,,
ğŸŠ,crocodile,,,,,,,,
ğŸ¢,terrapin,tortoise,turtle,,,,,,
ğŸ¦,lizard,reptile,,,,,,,
ğŸ,bearer,Ophiuchus,snake,serpent,zodiac,,,,
ğŸ²,dragon,face,fairy tale,,,,,,
ğŸ‰,dragon,fairy tale,,,,,,,
ğŸ¦•,brachiosaurus,brontosaurus,sauropod,diplodocus,,,,,
ğŸ¦–,T-Rex,Tyrannosaurus Rex,,,,,,,
ğŸ³,face,spouting,whale,,,,,,
ğŸ‹,whale,,,,,,,,
ğŸ¬,dolphin,flipper,,,,,,,
ğŸ¦­,sea lion,seal,,,,,,,
ğŸŸ,fish,Pisces,zodiac,,,,,,
ğŸ ,fish,tropical,,,,,,,
ğŸ¡,blowfish,fish,,,,,,,
ğŸ¦ˆ,fish,shark,,,,,,,
ğŸ™,octopus,,,,,,,,
ğŸš,shell,spiral,,,,,,,
ğŸŒ,snail,,,,,,,,
ğŸ¦‹,butterfly,insect,pretty,,,,,,
ğŸ›,bug,insect,,,,,,,
ğŸœ,ant,insect,,,,,,,
ğŸ,bee,honeybee,insect,,,,,,
ğŸª²,beetle,bug,insect,,,,,,
ğŸ,beetle,insect,ladybird,lady beetle,ladybug,,,,
ğŸ¦—,cricket,grasshopper,,,,,,,
ğŸª³,cockroach,insect,roach,pest,,,,,
ğŸ•·,insect,spider,,,,,,,
ğŸ•¸,spider,web,,,,,,,
ğŸ¦‚,scorpio,Scorpio,zodiac,scorpion,,,,,
ğŸ¦Ÿ,disease,fever,mosquito,malaria,pest,virus,,,
ğŸª°,disease,fly,pest,maggot,rotting,,,,
ğŸª±,annelid,earthworm,worm,parasite,,,,,
ğŸ¦ ,amoeba,bacteria,virus,microbe,,,,,
ğŸ’,bouquet,flower,,,,,,,
ğŸŒ¸,blossom,cherry,flower,,,,,,
ğŸ’®,flower,white flower,,,,,,,
ğŸµ,plant,rosette,,,,,,,
ğŸŒ¹,flower,rose,,,,,,,
ğŸ¥€,flower,wilted,,,,,,,
ğŸŒº,flower,hibiscus,,,,,,,
ğŸŒ»,flower,sun,sunflower,,,,,,
ğŸŒ¼,blossom,flower,,,,,,,
ğŸŒ·,flower,tulip,,,,,,,
ğŸŒ±,seedling,young,,,,,,,
ğŸª´,boring,grow,nurturing,house,plant,potted plant,useless,,
ğŸŒ²,evergreen tree,tree,,,,,,,
ğŸŒ³,deciduous,shedding,tree,,,,,,
ğŸŒ´,palm,tree,,,,,,,
ğŸŒµ,cactus,plant,,,,,,,
ğŸŒ¾,ear,grain,sheaf of rice,rice,,,,,
ğŸŒ¿,herb,leaf,,,,,,,
ğŸ€,4,clover,four-leaf clover,four,leaf,,,,
ğŸ,falling,leaf,maple,,,,,,
ğŸ‚,fallen leaf,falling,leaf,,,,,,
ğŸƒ,blow,flutter,leaf fluttering in wind,leaf,wind,,,,
ğŸ‡,fruit,grape,grapes,,,,,,
ğŸˆ,fruit,melon,,,,,,,
ğŸ‰,fruit,watermelon,,,,,,,
ğŸŠ,fruit,orange,tangerine,,,,,,
ğŸ‹,citrus,fruit,lemon,,,,,,
ğŸŒ,banana,fruit,,,,,,,
ğŸ,fruit,pineapple,,,,,,,
ğŸ¥­,fruit,mango,tropical,,,,,,
ğŸ,apple,fruit,red,,,,,,
ğŸ,apple,fruit,green,,,,,,
ğŸ,fruit,pear,,,,,,,
ğŸ‘,fruit,peach,,,,,,,
ğŸ’,berries,cherries,fruit,cherry,red,,,,
ğŸ“,berry,fruit,strawberry,,,,,,
ğŸ«,berry,bilberry,blueberries,blue,blueberry,,,,
ğŸ¥,food,fruit,kiwi,,,,,,
ğŸ…,fruit,tomato,vegetable,,,,,,
ğŸ«’,food,olive,,,,,,,
ğŸ¥¥,coconut,palm,piÃ±a colada,,,,,,
ğŸ¥‘,avocado,food,fruit,,,,,,
ğŸ†,aubergine,eggplant,vegetable,,,,,,
ğŸ¥”,food,potato,vegetable,,,,,,
ğŸ¥•,carrot,food,vegetable,,,,,,
ğŸŒ½,corn,ear,maize,ear of corn,maze,,,,
ğŸŒ¶,hot,pepper,,,,,,,
ğŸ«‘,bell pepper,capsicum,vegetable,pepper,,,,,
ğŸ¥’,cucumber,food,vegetable,pickle,,,,,
ğŸ¥¬,bok choy,cabbage,leafy green,kale,lettuce,,,,
ğŸ¥¦,broccoli,wild cabbage,,,,,,,
ğŸ§„,flavoring,garlic,,,,,,,
ğŸ§…,flavoring,onion,,,,,,,
ğŸ„,mushroom,toadstool,,,,,,,
ğŸ¥œ,food,nut,peanuts,peanut,vegetable,,,,
ğŸŒ°,chestnut,plant,,,,,,,
ğŸ,bread,loaf,,,,,,,
ğŸ¥,bread,breakfast,food,croissant,french,roll,,,
ğŸ¥–,baguette,bread,french,food,,,,,
ğŸ«“,arepa,flatbread,naan,lavash,pita,,,,
ğŸ¥¨,pretzel,twisted,,,,,,,
ğŸ¥¯,bagel,bakery,schmear,breakfast,,,,,
ğŸ¥,breakfast,crÃªpe,hotcake,food,pancake,pancakes,,,
ğŸ§‡,breakfast,indecisive,waffle,iron,,,,,
ğŸ§€,cheese,cheese wedge,,,,,,,
ğŸ–,bone,meat,meat on bone,,,,,,
ğŸ—,bone,chicken,leg,drumstick,poultry,,,,
ğŸ¥©,chop,cut of meat,porkchop,lambchop,steak,,,,
ğŸ¥“,bacon,breakfast,meat,food,,,,,
ğŸ”,burger,hamburger,,,,,,,
ğŸŸ,french,fries,,,,,,,
ğŸ•,cheese,pizza,slice,,,,,,
ğŸŒ­,frankfurter,hot dog,sausage,hotdog,,,,,
ğŸ¥ª,bread,sandwich,,,,,,,
ğŸŒ®,mexican,taco,,,,,,,
ğŸŒ¯,burrito,mexican,wrap,,,,,,
ğŸ«”,mexican,tamale,wrapped,,,,,,
ğŸ¥™,falafel,flatbread,gyro,food,kebab,stuffed,pita,,
ğŸ§†,chickpea,falafel,meatball,,,,,,
ğŸ¥š,breakfast,egg,food,,,,,,
ğŸ³,breakfast,cooking,frying,egg,pan,,,,
ğŸ¥˜,casserole,food,pan,paella,shallow,shallow pan of food,,,
ğŸ²,pot,pot of food,stew,,,,,,
ğŸ«•,cheese,chocolate,melted,fondue,pot,Swiss,,,
ğŸ¥£,bowl with spoon,breakfast,congee,cereal,,,,,
ğŸ¥—,food,green,salad,,,,,,
ğŸ¿,popcorn,,,,,,,,
ğŸ§ˆ,butter,dairy,,,,,,,
ğŸ§‚,condiment,salt,shaker,,,,,,
ğŸ¥«,can,canned food,,,,,,,
ğŸ±,bento,box,,,,,,,
ğŸ˜,cracker,rice,,,,,,,
ğŸ™,ball,Japanese,rice,,,,,,
ğŸš,cooked,rice,,,,,,,
ğŸ›,curry,rice,,,,,,,
ğŸœ,bowl,noodle,steaming,ramen,,,,,
ğŸ,pasta,spaghetti,,,,,,,
ğŸ ,potato,roasted,sweet,,,,,,
ğŸ¢,kebab,oden,skewer,seafood,stick,,,,
ğŸ£,sushi,,,,,,,,
ğŸ¤,fried,prawn,tempura,shrimp,,,,,
ğŸ¥,cake,fish,pastry,fish cake with swirl,swirl,,,,
ğŸ¥®,autumn,festival,yuÃ¨bÇng,moon cake,,,,,
ğŸ¡,dango,dessert,skewer,Japanese,stick,sweet,,,
ğŸ¥Ÿ,dumpling,empanada,jiaozi,gyÅza,pierogi,potsticker,,,
ğŸ¥ ,fortune cookie,prophecy,,,,,,,
ğŸ¥¡,oyster pail,takeout box,,,,,,,
ğŸ¦€,Cancer,crab,zodiac,,,,,,
ğŸ¦,bisque,claws,seafood,lobster,,,,,
ğŸ¦,food,shellfish,small,shrimp,,,,,
ğŸ¦‘,food,molusc,squid,,,,,,
ğŸ¦ª,diving,oyster,pearl,,,,,,
ğŸ¦,cream,dessert,icecream,ice,soft,sweet,,,
ğŸ§,dessert,ice,sweet,shaved,,,,,
ğŸ¨,cream,dessert,sweet,ice,,,,,
ğŸ©,breakfast,dessert,doughnut,donut,sweet,,,,
ğŸª,cookie,dessert,chocolate chip,sweet,,,,,
ğŸ‚,birthday,cake,dessert,celebration,pastry,sweet,,,
ğŸ°,cake,dessert,shortcake,pastry,slice,sweet,,,
ğŸ§,bakery,cupcake,sweet,,,,,,
ğŸ¥§,filling,pastry,pie,,,,,,
ğŸ«,bar,chocolate,sweet,dessert,,,,,
ğŸ¬,candy,dessert,sweet,,,,,,
ğŸ­,candy,dessert,sweet,lollipop,,,,,
ğŸ®,custard,dessert,sweet,pudding,,,,,
ğŸ¯,honey,honeypot,sweet,pot,,,,,
ğŸ¼,baby,bottle,milk,drink,,,,,
ğŸ¥›,drink,glass,milk,glass of milk,,,,,
â˜•,beverage,coffee,hot,drink,steaming,tea,,,
ğŸ«–,drink,pot,teapot,tea,,,,,
ğŸµ,beverage,cup,tea,drink,teacup,teacup without handle,,,
ğŸ¶,bar,beverage,cup,bottle,drink,sake,,,
ğŸ¾,bar,bottle,cork,bottle with popping cork,drink,popping,,,
ğŸ·,bar,beverage,glass,drink,wine,,,,
ğŸ¸,bar,cocktail,glass,drink,,,,,
ğŸ¹,bar,drink,tropical,,,,,,
ğŸº,bar,beer,mug,drink,,,,,
ğŸ»,bar,beer,clinking beer mugs,clink,drink,mug,,,
ğŸ¥‚,celebrate,clink,drink,clinking glasses,glass,,,,
ğŸ¥ƒ,glass,liquor,tumbler,shot,whisky,,,,
ğŸ¥¤,cup with straw,juice,soda,,,,,,
ğŸ§‹,bubble,milk,tea,pearl,,,,,
ğŸ§ƒ,beverage,box,straw,juice,sweet,,,,
ğŸ§‰,drink,mate,,,,,,,
ğŸ§Š,cold,ice,iceberg,ice cube,,,,,
ğŸ¥¢,chopsticks,hashi,,,,,,,
ğŸ½,cooking,fork,knife,fork and knife with plate,plate,,,,
ğŸ´,cooking,cutlery,fork and knife,fork,knife,,,,
ğŸ¥„,spoon,tableware,,,,,,,
ğŸ”ª,cooking,hocho,knife,kitchen knife,tool,weapon,,,
ğŸº,amphora,Aquarius,drink,cooking,jug,zodiac,,,
ğŸŒ,Africa,earth,globe,Europe,globe showing Europe-Africa,world,,,
ğŸŒ,Americas,earth,globe showing Americas,globe,world,,,,
ğŸŒ,Asia,Australia,globe,earth,globe showing Asia-Australia,world,,,
ğŸŒ,earth,globe,meridians,globe with meridians,world,,,,
ğŸ—º,map,world,,,,,,,
ğŸ—¾,Japan,map,map of Japan,,,,,,
ğŸ§­,compass,magnetic,orienteering,navigation,,,,,
ğŸ”,cold,mountain,snow-capped mountain,snow,,,,,
â›°,mountain,,,,,,,,
ğŸŒ‹,eruption,mountain,volcano,,,,,,
ğŸ—»,fuji,mount fuji,mountain,,,,,,
ğŸ•,camping,,,,,,,,
ğŸ–,beach,beach with umbrella,umbrella,,,,,,
ğŸœ,desert,,,,,,,,
ğŸ,desert,island,,,,,,,
ğŸ,national park,park,,,,,,,
ğŸŸ,stadium,,,,,,,,
ğŸ›,classical,classical building,,,,,,,
ğŸ—,building construction,construction,,,,,,,
ğŸ§±,brick,bricks,mortar,clay,wall,,,,
ğŸª¨,boulder,heavy,solid,rock,stone,,,,
ğŸªµ,log,lumber,wood,timber,,,,,
ğŸ›–,house,hut,yurt,roundhouse,,,,,
ğŸ˜,houses,,,,,,,,
ğŸš,derelict,house,,,,,,,
ğŸ ,home,house,,,,,,,
ğŸ¡,garden,home,house with garden,house,,,,,
ğŸ¢,building,office building,,,,,,,
ğŸ£,Japanese,Japanese post office,post,,,,,,
ğŸ¤,European,post,post office,,,,,,
ğŸ¥,doctor,hospital,medicine,,,,,,
ğŸ¦,bank,building,,,,,,,
ğŸ¨,building,hotel,,,,,,,
ğŸ©,hotel,love,,,,,,,
ğŸª,convenience,store,,,,,,,
ğŸ«,building,school,,,,,,,
ğŸ¬,department,store,,,,,,,
ğŸ­,building,factory,,,,,,,
ğŸ¯,castle,Japanese,,,,,,,
ğŸ°,castle,European,,,,,,,
ğŸ’’,chapel,romance,wedding,,,,,,
ğŸ—¼,Tokyo,tower,,,,,,,
ğŸ—½,liberty,statue,Statue of Liberty,,,,,,
â›ª,Christian,church,religion,cross,,,,,
ğŸ•Œ,islam,mosque,religion,Muslim,,,,,
ğŸ›•,hindu,temple,,,,,,,
ğŸ•,Jew,Jewish,synagogue,religion,temple,,,,
â›©,religion,shinto,shrine,,,,,,
ğŸ•‹,islam,kaaba,religion,Muslim,,,,,
â›²,fountain,,,,,,,,
â›º,camping,tent,,,,,,,
ğŸŒ,fog,foggy,,,,,,,
ğŸŒƒ,night,night with stars,star,,,,,,
ğŸ™,city,cityscape,,,,,,,
ğŸŒ„,morning,mountain,sunrise,sun,sunrise over mountains,,,,
ğŸŒ…,morning,sun,sunrise,,,,,,
ğŸŒ†,city,cityscape at dusk,evening,dusk,landscape,sunset,,,
ğŸŒ‡,dusk,sun,sunset,,,,,,
ğŸŒ‰,bridge,bridge at night,night,,,,,,
ğŸ ,carousel,horse,,,,,,,
ğŸ¡,amusement park,ferris,wheel,,,,,,
ğŸ¢,amusement park,coaster,roller,,,,,,
ğŸ’ˆ,barber,haircut,pole,,,,,,
ğŸª,circus,tent,,,,,,,
ğŸš‚,engine,locomotive,steam,railway,train,,,,
ğŸšƒ,car,electric,train,railway,tram,trolleybus,,,
ğŸš„,high-speed train,railway,speed,shinkansen,train,,,,
ğŸš…,bullet,railway,speed,shinkansen,train,,,,
ğŸš†,railway,train,,,,,,,
ğŸš‡,metro,subway,,,,,,,
ğŸšˆ,light rail,railway,,,,,,,
ğŸš‰,railway,station,train,,,,,,
ğŸšŠ,tram,trolleybus,,,,,,,
ğŸš,monorail,vehicle,,,,,,,
ğŸš,car,mountain,railway,,,,,,
ğŸš‹,car,tram,trolleybus,,,,,,
ğŸšŒ,bus,vehicle,,,,,,,
ğŸš,bus,oncoming,,,,,,,
ğŸš,bus,tram,trolleybus,trolley,,,,,
ğŸš,bus,minibus,,,,,,,
ğŸš‘,ambulance,vehicle,,,,,,,
ğŸš’,engine,fire,truck,,,,,,
ğŸš“,car,patrol,police,,,,,,
ğŸš”,car,oncoming,police,,,,,,
ğŸš•,taxi,vehicle,,,,,,,
ğŸš–,oncoming,taxi,,,,,,,
ğŸš—,automobile,car,,,,,,,
ğŸš˜,automobile,car,oncoming,,,,,,
ğŸš™,recreational,sport utility,sport utility vehicle,,,,,,
ğŸ›»,pick-up,pickup,truck,,,,,,
ğŸšš,delivery,truck,,,,,,,
ğŸš›,articulated lorry,lorry,truck,semi,,,,,
ğŸšœ,tractor,vehicle,,,,,,,
ğŸ,car,racing,race,racecar,,,,,
ğŸ,motorcycle,racing,,,,,,,
ğŸ›µ,motor,scooter,,,,,,,
ğŸ¦½,accessibility,manual wheelchair,,,,,,,
ğŸ¦¼,accessibility,motorized wheelchair,,,,,,,
ğŸ›º,auto rickshaw,tuk tuk,,,,,,,
ğŸš²,bicycle,bike,,,,,,,
ğŸ›´,kick,scooter,,,,,,,
ğŸ›¹,board,skateboard,,,,,,,
ğŸ›¼,roller,skate,,,,,,,
ğŸš,bus,busstop,stop,,,,,,
ğŸ›£,highway,motorway,road,,,,,,
ğŸ›¤,railway,railway track,train,,,,,,
ğŸ›¢,drum,oil,,,,,,,
â›½,diesel,fuel,gas,fuelpump,pump,station,,,
ğŸš¨,beacon,car,police,light,revolving,,,,
ğŸš¥,horizontal traffic light,light,traffic,signal,,,,,
ğŸš¦,light,signal,vertical traffic light,traffic,,,,,
ğŸ›‘,octagonal,sign,stop,,,,,,
ğŸš§,barrier,construction,,,,,,,
âš“,anchor,ship,tool,,,,,,
â›µ,boat,resort,sea,sailboat,yacht,,,,
ğŸ›¶,boat,canoe,,,,,,,
ğŸš¤,boat,speedboat,,,,,,,
ğŸ›³,passenger,ship,,,,,,,
â›´,boat,ferry,passenger,,,,,,
ğŸ›¥,boat,motor boat,motorboat,,,,,,
ğŸš¢,boat,passenger,ship,,,,,,
ğŸ›©,aeroplane,airplane,small airplane,,,,,,
ğŸ›«,aeroplane,airplane,departure,check-in,departures,,,,
ğŸ›¬,aeroplane,airplane,arrivals,airplane arrival,arriving,landing,,,
ğŸª‚,hang-glide,parachute,skydive,parasail,,,,,
ğŸ’º,chair,seat,,,,,,,
ğŸš,helicopter,vehicle,,,,,,,
ğŸšŸ,railway,suspension,,,,,,,
ğŸš ,cable,gondola,mountain cableway,mountain,,,,,
ğŸš¡,aerial,cable,gondola,car,tramway,,,,
ğŸ›°,satellite,space,,,,,,,
ğŸš€,rocket,space,spaceship,,,,,,
ğŸ›¸,flying saucer,UFO,,,,,,,
ğŸ›,bell,bellhop,hotel,,,,,,
ğŸ§³,luggage,packing,travel,,,,,,
âŒ›,hourglass done,sand,timer,,,,,,
â³,hourglass,hourglass not done,timer,sand,,,,,
âŒš,clock,watch,,,,,,,
â°,alarm,clock,,,,,,,
â±,clock,stopwatch,,,,,,,
â²,clock,timer,,,,,,,
ğŸ•°,clock,mantelpiece clock,,,,,,,
ğŸ•›,0,12,clock,12:00,oâ€™clock,twelve,,,
ğŸ•§,12,12:30,thirty,clock,twelve,twelve-thirty,,,
ğŸ•,0,1,clock,1:00,oâ€™clock,one,,,
ğŸ•œ,1,1:30,one,clock,one-thirty,thirty,,,
ğŸ•‘,0,2,clock,2:00,oâ€™clock,two,,,
ğŸ•,2,2:30,thirty,clock,two,two-thirty,,,
ğŸ•’,0,3,clock,3:00,oâ€™clock,three,,,
ğŸ•,3,3:30,thirty,clock,three,three-thirty,,,
ğŸ•“,0,4,clock,4:00,four,oâ€™clock,,,
ğŸ•Ÿ,4,4:30,four,clock,four-thirty,thirty,,,
ğŸ•”,0,5,clock,5:00,five,oâ€™clock,,,
ğŸ• ,5,5:30,five,clock,five-thirty,thirty,,,
ğŸ••,0,6,clock,6:00,oâ€™clock,six,,,
ğŸ•¡,6,6:30,six,clock,six-thirty,thirty,,,
ğŸ•–,0,7,clock,7:00,oâ€™clock,seven,,,
ğŸ•¢,7,7:30,seven,clock,seven-thirty,thirty,,,
ğŸ•—,0,8,clock,8:00,eight,oâ€™clock,,,
ğŸ•£,8,8:30,eight,clock,eight-thirty,thirty,,,
ğŸ•˜,0,9,clock,9:00,nine,oâ€™clock,,,
ğŸ•¤,9,9:30,nine,clock,nine-thirty,thirty,,,
ğŸ•™,0,10,clock,10:00,oâ€™clock,ten,,,
ğŸ•¥,10,10:30,ten,clock,ten-thirty,thirty,,,
ğŸ•š,0,11,clock,11:00,eleven,oâ€™clock,,,
ğŸ•¦,11,11:30,eleven,clock,eleven-thirty,thirty,,,
ğŸŒ‘,dark,moon,new moon,,,,,,
ğŸŒ’,crescent,moon,waxing,,,,,,
ğŸŒ“,first quarter moon,moon,quarter,,,,,,
ğŸŒ”,gibbous,moon,waxing,,,,,,
ğŸŒ•,full,moon,,,,,,,
ğŸŒ–,gibbous,moon,waning,,,,,,
ğŸŒ—,last quarter moon,moon,quarter,,,,,,
ğŸŒ˜,crescent,moon,waning,,,,,,
ğŸŒ™,crescent,moon,,,,,,,
ğŸŒš,face,moon,new moon face,,,,,,
ğŸŒ›,face,first quarter moon face,quarter,moon,,,,,
ğŸŒœ,face,last quarter moon face,quarter,moon,,,,,
ğŸŒ¡,thermometer,weather,,,,,,,
ğŸŒ,bright,face,moon,full,,,,,
ğŸŒ,bright,face,sun with face,sun,,,,,
ğŸª,ringed planet,saturn,saturnine,,,,,,
â­,star,,,,,,,,
ğŸŒŸ,glittery,glow,shining,glowing star,sparkle,star,,,
ğŸŒ ,falling,shooting,star,,,,,,
ğŸŒŒ,milky way,space,,,,,,,
â›…,cloud,sun,sun behind cloud,,,,,,
â›ˆ,cloud,cloud with lightning and rain,thunder,rain,,,,,
ğŸŒ¤,cloud,sun,sun behind small cloud,,,,,,
ğŸŒ¥,cloud,sun,sun behind large cloud,,,,,,
ğŸŒ¦,cloud,rain,sun behind rain cloud,sun,,,,,
ğŸŒ§,cloud,cloud with rain,rain,,,,,,
ğŸŒ¨,cloud,cloud with snow,snow,cold,,,,,
ğŸŒ©,cloud,cloud with lightning,lightning,,,,,,
ğŸŒª,cloud,tornado,whirlwind,,,,,,
ğŸŒ«,cloud,fog,,,,,,,
ğŸŒ¬,blow,cloud,wind,face,,,,,
ğŸŒ€,cyclone,dizzy,twister,hurricane,typhoon,,,,
ğŸŒˆ,rain,rainbow,,,,,,,
ğŸŒ‚,closed umbrella,clothing,umbrella,rain,,,,,
â˜”,clothing,drop,umbrella,rain,umbrella with rain drops,,,,
â›±,rain,sun,umbrella on ground,umbrella,,,,,
âš¡,danger,electric,lightning,high voltage,voltage,zap,,,
â›„,cold,snow,snowman without snow,snowman,,,,,
â˜„,comet,space,,,,,,,
ğŸ”¥,fire,flame,tool,,,,,,
ğŸ’§,cold,comic,droplet,drop,sweat,water,,,
ğŸŒŠ,ocean,water,wave,,,,,,
ğŸƒ,celebration,halloween,jack-o-lantern,jack,lantern,pumpkin,,,
ğŸ„,celebration,Christmas,tree,,,,,,
ğŸ†,celebration,fireworks,,,,,,,
ğŸ‡,celebration,fireworks,sparkler,sparkle,,,,,
ğŸ§¨,dynamite,explosive,fireworks,firecracker,,,,,
âœ¨,*,sparkle,star,sparkles,,,,,
ğŸˆ,balloon,celebration,,,,,,,
ğŸ‰,celebration,party,tada,popper,confetti,,,,
ğŸŠ,ball,celebration,confetti,party,,,,,
ğŸ‹,banner,celebration,tanabata tree,Japanese,tree,,,,
ğŸ,bamboo,celebration,pine,Japanese,pine decoration,,,,
ğŸ,celebration,doll,Japanese,festival,Japanese dolls,,,,
ğŸ,carp,celebration,streamer,,,,,,
ğŸ,bell,celebration,wind,chime,,,,,
ğŸ‘,celebration,ceremony,moon viewing ceremony,moon,,,,,
ğŸ§§,gift,good luck,lai see,hÃ³ngbÄo,money,red envelope,,,
ğŸ€,celebration,ribbon,,,,,,,
ğŸ,box,celebration,present,gift,wrapped,,,,
ğŸ—,celebration,reminder,ribbon,,,,,,
ğŸŸ,admission,admission tickets,ticket,,,,,,
ğŸ«,admission,ticket,,,,,,,
ğŸ–,celebration,medal,military,,,,,,
ğŸ†,prize,trophy,,,,,,,
ğŸ…,medal,sports medal,,,,,,,
ğŸ¥‡,1st place medal,first,medal,gold,,,,,
ğŸ¥ˆ,2nd place medal,medal,silver,second,,,,,
ğŸ¥‰,3rd place medal,bronze,third,medal,,,,,
âš½,ball,football,soccer,,,,,,
âš¾,ball,baseball,,,,,,,
ğŸ¥,ball,glove,underarm,softball,,,,,
ğŸ€,ball,basketball,hoop,,,,,,
ğŸ,ball,game,volleyball,,,,,,
ğŸˆ,american,ball,football,,,,,,
ğŸ‰,ball,football,rugby,,,,,,
ğŸ¾,ball,racquet,tennis,,,,,,
ğŸ¥,flying disc,ultimate,,,,,,,
ğŸ³,ball,bowling,game,,,,,,
ğŸ,ball,bat,game,cricket game,,,,,
ğŸ‘,ball,field,hockey,game,stick,,,,
ğŸ’,game,hockey,puck,ice,stick,,,,
ğŸ¥,ball,goal,stick,lacrosse,,,,,
ğŸ“,ball,bat,paddle,game,ping pong,table tennis,,,
ğŸ¸,badminton,birdie,racquet,game,shuttlecock,,,,
ğŸ¥Š,boxing,glove,,,,,,,
ğŸ¥‹,judo,karate,martial arts uniform,martial arts,taekwondo,uniform,,,
ğŸ¥…,goal,net,,,,,,,
â›³,flag in hole,golf,hole,,,,,,
â›¸,ice,skate,,,,,,,
ğŸ£,fish,fishing pole,pole,,,,,,
ğŸ¤¿,diving,diving mask,snorkeling,scuba,,,,,
ğŸ½,athletics,running,shirt,sash,,,,,
ğŸ¿,ski,skis,snow,,,,,,
ğŸ›·,sled,sledge,sleigh,,,,,,
ğŸ¥Œ,curling stone,game,rock,,,,,,
ğŸ¯,bullseye,dart,game,direct hit,hit,target,,,
ğŸª€,fluctuate,toy,yo-yo,,,,,,
ğŸª,fly,kite,soar,,,,,,
ğŸ±,8,ball,eight,billiard,game,pool 8 ball,,,
ğŸ”®,ball,crystal,fantasy,fairy tale,fortune,tool,,,
ğŸª„,magic,magic wand,wizard,witch,,,,,
ğŸ§¿,bead,charm,nazar,evil-eye,nazar amulet,talisman,,,
ğŸ®,controller,game,video game,,,,,,
ğŸ•¹,game,joystick,video game,,,,,,
ğŸ°,game,slot,slot machine,,,,,,
ğŸ²,dice,die,game,,,,,,
ğŸ§©,clue,interlocking,piece,jigsaw,puzzle,,,,
ğŸ§¸,plaything,plush,teddy bear,stuffed,toy,,,,
ğŸª…,celebration,party,piÃ±ata,,,,,,
ğŸª†,doll,nesting,russia,nesting dolls,,,,,
ğŸƒ,card,game,wildcard,joker,,,,,
ğŸ€„,game,mahjong,red,mahjong red dragon,,,,,
ğŸ´,card,flower,game,flower playing cards,Japanese,playing,,,
ğŸ­,art,mask,performing arts,performing,theater,theatre,,,
ğŸ–¼,art,frame,museum,framed picture,painting,picture,,,
ğŸ¨,art,artist palette,painting,museum,palette,,,,
ğŸ§µ,needle,sewing,string,spool,thread,,,,
ğŸª¡,embroidery,needle,stitches,sewing,sutures,tailoring,,,
ğŸ§¶,ball,crochet,yarn,knit,,,,,
ğŸª¢,knot,rope,tie,tangled,twine,twist,,,
ğŸ‘“,clothing,eye,eyewear,eyeglasses,glasses,,,,
ğŸ•¶,dark,eye,glasses,eyewear,sunglasses,,,,
ğŸ¥½,eye protection,goggles,welding,swimming,,,,,
ğŸ¥¼,doctor,experiment,scientist,lab coat,,,,,
ğŸ¦º,emergency,safety,vest,,,,,,
ğŸ‘”,clothing,necktie,tie,,,,,,
ğŸ‘•,clothing,shirt,tshirt,t-shirt,,,,,
ğŸ‘–,clothing,jeans,trousers,pants,,,,,
ğŸ§£,neck,scarf,,,,,,,
ğŸ§¤,gloves,hand,,,,,,,
ğŸ§¥,coat,jacket,,,,,,,
ğŸ§¦,socks,stocking,,,,,,,
ğŸ‘—,clothing,dress,,,,,,,
ğŸ‘˜,clothing,kimono,,,,,,,
ğŸ¥»,clothing,dress,sari,,,,,,
ğŸ©±,bathing suit,one-piece swimsuit,,,,,,,
ğŸ©²,bathing suit,briefs,swimsuit,one-piece,underwear,,,,
ğŸ©³,bathing suit,pants,underwear,shorts,,,,,
ğŸ‘™,bikini,clothing,swim,,,,,,
ğŸ‘š,clothing,woman,womanâ€™s clothes,,,,,,
ğŸ‘›,clothing,coin,purse,,,,,,
ğŸ‘œ,bag,clothing,purse,handbag,,,,,
ğŸ‘,bag,clothing,pouch,clutch bag,,,,,
ğŸ›,bag,hotel,shopping bags,shopping,,,,,
ğŸ’,backpack,bag,satchel,rucksack,school,,,,
ğŸ©´,beach sandals,sandals,thong sandals,thong sandal,thongs,zÅri,,,
ğŸ‘,clothing,man,shoe,manâ€™s shoe,,,,,
ğŸ‘Ÿ,athletic,clothing,shoe,running shoe,sneaker,,,,
ğŸ¥¾,backpacking,boot,hiking,camping,,,,,
ğŸ¥¿,ballet flat,flat shoe,slipper,slip-on,,,,,
ğŸ‘ ,clothing,heel,shoe,high-heeled shoe,woman,,,,
ğŸ‘¡,clothing,sandal,woman,shoe,womanâ€™s sandal,,,,
ğŸ©°,ballet,ballet shoes,dance,,,,,,
ğŸ‘¢,boot,clothing,woman,shoe,womanâ€™s boot,,,,
ğŸ‘‘,clothing,crown,queen,king,,,,,
ğŸ‘’,clothing,hat,womanâ€™s hat,woman,,,,,
ğŸ©,clothing,hat,tophat,top,,,,,
ğŸ“,cap,celebration,graduation,clothing,hat,,,,
ğŸ§¢,baseball cap,billed cap,,,,,,,
ğŸª–,army,helmet,soldier,military,warrior,,,,
â›‘,aid,cross,hat,face,helmet,rescue workerâ€™s helmet,,,
ğŸ“¿,beads,clothing,prayer,necklace,religion,,,,
ğŸ’„,cosmetics,lipstick,makeup,,,,,,
ğŸ’,diamond,ring,,,,,,,
ğŸ’,diamond,gem,jewel,gem stone,,,,,
ğŸ”‡,mute,muted speaker,silent,quiet,speaker,,,,
ğŸ”ˆ,soft,speaker low volume,,,,,,,
ğŸ”‰,medium,speaker medium volume,,,,,,,
ğŸ”Š,loud,speaker high volume,,,,,,,
ğŸ“¢,loud,loudspeaker,public address,,,,,,
ğŸ“£,cheering,megaphone,,,,,,,
ğŸ“¯,horn,post,postal,,,,,,
ğŸ””,bell,,,,,,,,
ğŸ”•,bell,bell with slash,mute,forbidden,quiet,silent,,,
ğŸ¼,music,musical score,score,,,,,,
ğŸµ,music,musical note,note,,,,,,
ğŸ¶,music,musical notes,notes,note,,,,,
ğŸ™,mic,microphone,studio,music,,,,,
ğŸš,level,music,slider,,,,,,
ğŸ›,control,knobs,music,,,,,,
ğŸ¤,karaoke,mic,microphone,,,,,,
ğŸ§,earbud,headphone,,,,,,,
ğŸ“»,radio,video,,,,,,,
ğŸ·,instrument,music,saxophone,sax,,,,,
ğŸª—,accordion,concertina,squeeze box,,,,,,
ğŸ¸,guitar,instrument,music,,,,,,
ğŸ¹,instrument,keyboard,musical keyboard,music,piano,,,,
ğŸº,instrument,music,trumpet,,,,,,
ğŸ»,instrument,music,violin,,,,,,
ğŸª•,banjo,music,stringed,,,,,,
ğŸ¥,drum,drumsticks,music,,,,,,
ğŸª˜,beat,conga,long drum,drum,rhythm,,,,
ğŸ“±,cell,mobile,telephone,phone,,,,,
ğŸ“²,arrow,cell,mobile phone with arrow,mobile,phone,receive,,,
ğŸ“,phone,receiver,telephone,,,,,,
ğŸ“Ÿ,pager,,,,,,,,
ğŸ“ ,fax,fax machine,,,,,,,
ğŸ”‹,battery,,,,,,,,
ğŸ”Œ,electric,electricity,plug,,,,,,
ğŸ’»,computer,laptop,personal,pc,,,,,
ğŸ–¥,computer,desktop,,,,,,,
ğŸ–¨,computer,printer,,,,,,,
ğŸ–±,computer,computer mouse,,,,,,,
ğŸ–²,computer,trackball,,,,,,,
ğŸ’½,computer,disk,optical,minidisk,,,,,
ğŸ’¾,computer,disk,save,floppy,,,,,
ğŸ’¿,cd,computer,optical,disk,,,,,
ğŸ“€,blu-ray,computer,dvd,disk,optical,,,,
ğŸ§®,abacus,calculation,,,,,,,
ğŸ¥,camera,cinema,movie,,,,,,
ğŸ,cinema,film,movie,frames,,,,,
ğŸ“½,cinema,film,projector,movie,video,camera,blue,,
ğŸ¬,clapper,clapper board,movie,,,,,,
ğŸ“º,television,tv,video,,,,,,
ğŸ“·,camera,video,,,,,,,
ğŸ“¸,camera,camera with flash,video,flash,,,,,
ğŸ“¹,camera,video,camcorder,,,,,,
ğŸ“¼,tape,vhs,videocassette,video,,,,,
ğŸ”,glass,magnifying,search,magnifying glass tilted left,tool,,,,
ğŸ•¯,candle,light,,,,,,,
ğŸ’¡,bulb,comic,idea,electric,light,,,,
ğŸ”¦,electric,flashlight,tool,light,torch,,,,
ğŸ®,bar,lantern,red,light,red paper lantern,,,,
ğŸª”,diya,lamp,oil,,,,,,
ğŸ“”,book,cover,notebook,decorated,notebook with decorative cover,,,,
ğŸ“•,book,closed,,,,,,,
ğŸ“–,book,open,,,,,,,
ğŸ“—,book,green,,,,,,,
ğŸ“˜,blue,book,,,,,,,
ğŸ“™,book,orange,,,,,,,
ğŸ“š,book,books,,,,,,,
ğŸ““,notebook,,,,,,,,
ğŸ“’,ledger,notebook,,,,,,,
ğŸ“ƒ,curl,document,page with curl,page,,,,,
ğŸ“œ,paper,scroll,,,,,,,
ğŸ“„,document,page,page facing up,,,,,,
ğŸ“°,news,newspaper,paper,,,,,,
ğŸ—,news,newspaper,rolled,paper,rolled-up newspaper,,,,
ğŸ“‘,bookmark,mark,tabs,marker,,,,,
ğŸ”–,bookmark,mark,,,,,,,
ğŸ·,label,,,,,,,,
ğŸ’°,bag,dollar,moneybag,money,,,,,
ğŸª™,coin,gold,money,metal,silver,treasure,,,
ğŸ’´,banknote,bill,money,currency,note,yen,,,
ğŸ’µ,banknote,bill,dollar,currency,money,note,,,
ğŸ’¶,banknote,bill,euro,currency,money,note,,,
ğŸ’·,banknote,bill,money,currency,note,pound,,,
ğŸ’¸,banknote,bill,money,fly,money with wings,wings,,,
ğŸ’³,card,credit,money,,,,,,
ğŸ§¾,accounting,bookkeeping,proof,evidence,receipt,,,,
ğŸ’¹,chart,chart increasing with yen,growth,graph,money,yen,,,
ğŸ“§,e-mail,email,mail,letter,,,,,
ğŸ“¨,e-mail,email,incoming,envelope,letter,receive,,,
ğŸ“©,arrow,e-mail,envelope,email,envelope with arrow,outgoing,,,
ğŸ“¤,box,letter,outbox,mail,sent,tray,,,
ğŸ“¥,box,inbox,mail,letter,receive,tray,,,
ğŸ“¦,box,package,parcel,,,,,,
ğŸ“«,closed,closed mailbox with raised flag,mailbox,mail,postbox,,,,
ğŸ“ª,closed,closed mailbox with lowered flag,mail,lowered,mailbox,postbox,,,
ğŸ“¬,mail,mailbox,open mailbox with raised flag,open,postbox,,,,
ğŸ“­,lowered,mail,open,mailbox,open mailbox with lowered flag,postbox,,,
ğŸ“®,mail,mailbox,postbox,,,,,,
ğŸ—³,ballot,ballot box with ballot,box,,,,,,
ğŸ–‹,fountain,pen,,,,,,,
ğŸ–Š,ballpoint,pen,,,,,,,
ğŸ–Œ,paintbrush,painting,,,,,,,
ğŸ–,crayon,,,,,,,,
ğŸ“,memo,pencil,,,,,,,
ğŸ’¼,briefcase,,,,,,,,
ğŸ“,file,folder,,,,,,,
ğŸ“‚,file,folder,open,,,,,,
ğŸ—‚,card,dividers,index,,,,,,
ğŸ“…,calendar,date,,,,,,,
ğŸ“†,calendar,tear-off calendar,,,,,,,
ğŸ—’,note,pad,spiral notepad,spiral,,,,,
ğŸ—“,calendar,pad,spiral,,,,,,
ğŸ“‡,card,index,rolodex,,,,,,
ğŸ“ˆ,chart,chart increasing,growth,graph,trend,upward,,,
ğŸ“‰,chart,chart decreasing,graph,down,trend,,,,
ğŸ“Š,bar,chart,graph,,,,,,
ğŸ“‹,clipboard,,,,,,,,
ğŸ“Œ,pin,pushpin,,,,,,,
ğŸ“,pin,pushpin,round pushpin,,,,,,
ğŸ“,paperclip,,,,,,,,
ğŸ–‡,link,linked paperclips,paperclip,,,,,,
ğŸ“,ruler,straight edge,straight ruler,,,,,,
ğŸ“,ruler,set,triangular ruler,triangle,,,,,
ğŸ—ƒ,box,card,file,,,,,,
ğŸ—„,cabinet,file,filing,,,,,,
ğŸ—‘,wastebasket,,,,,,,,
ğŸ”’,closed,locked,,,,,,,
ğŸ”“,lock,open,unlocked,unlock,,,,,
ğŸ”,ink,lock,nib,locked with pen,pen,privacy,,,
ğŸ”,closed,key,locked with key,lock,secure,,,,
ğŸ”‘,key,lock,password,,,,,,
ğŸ—,clue,key,old,lock,,,,,
ğŸ”¨,hammer,tool,,,,,,,
ğŸª“,axe,chop,split,hatchet,wood,,,,
â›,mining,pick,tool,,,,,,
ğŸ› ,hammer,hammer and wrench,tool,spanner,wrench,,,,
ğŸ—¡,dagger,knife,weapon,,,,,,
ğŸ”«,gun,handgun,revolver,pistol,tool,water,weapon,,
ğŸªƒ,australia,boomerang,repercussion,rebound,,,,,
ğŸ¹,archer,arrow,bow and arrow,bow,Sagittarius,zodiac,,,
ğŸ›¡,shield,weapon,,,,,,,
ğŸªš,carpenter,carpentry saw,saw,lumber,tool,,,,
ğŸ”§,spanner,tool,wrench,,,,,,
ğŸª›,screw,screwdriver,tool,,,,,,
ğŸ”©,bolt,nut,tool,nut and bolt,,,,,
ğŸ—œ,clamp,compress,vice,tool,,,,,
ğŸ¦¯,accessibility,blind,white cane,,,,,,
ğŸ”—,link,,,,,,,,
â›“,chain,chains,,,,,,,
ğŸª,catch,crook,ensnare,curve,hook,selling point,,,
ğŸ§°,chest,mechanic,toolbox,tool,,,,,
ğŸ§²,attraction,horseshoe,magnetic,magnet,,,,,
ğŸªœ,climb,ladder,step,rung,,,,,
ğŸ§ª,chemist,chemistry,lab,experiment,science,test tube,,,
ğŸ§«,bacteria,biologist,culture,biology,lab,petri dish,,,
ğŸ§¬,biologist,dna,gene,evolution,genetics,life,,,
ğŸ”¬,microscope,science,tool,,,,,,
ğŸ”­,science,telescope,tool,,,,,,
ğŸ“¡,antenna,dish,satellite,,,,,,
ğŸ’‰,medicine,needle,sick,shot,syringe,,,,
ğŸ©¸,bleed,blood donation,injury,drop of blood,medicine,menstruation,,,
ğŸ’Š,doctor,medicine,sick,pill,,,,,
ğŸ©¹,adhesive bandage,bandage,,,,,,,
ğŸ©º,doctor,heart,stethoscope,medicine,,,,,
ğŸšª,door,,,,,,,,
ğŸ›—,accessibility,elevator,lift,hoist,,,,,
ğŸª,mirror,reflection,speculum,reflector,,,,,
ğŸªŸ,frame,fresh air,transparent,opening,view,window,,,
ğŸ›,bed,hotel,sleep,,,,,,
ğŸ›‹,couch,couch and lamp,lamp,hotel,,,,,
ğŸª‘,chair,seat,sit,,,,,,
ğŸš½,toilet,,,,,,,,
ğŸª ,force cup,plumber,suction,plunger,toilet,,,,
ğŸš¿,shower,water,,,,,,,
ğŸ›,bath,bathtub,water,,,,,,
ğŸª¤,bait,mouse trap,snare,mousetrap,trap,,,,
ğŸª’,razor,sharp,shave,,,,,,
ğŸ§´,lotion,lotion bottle,shampoo,moisturizer,sunscreen,,,,
ğŸ§·,diaper,punk rock,safety pin,,,,,,
ğŸ§¹,broom,cleaning,witch,sweeping,,,,,
ğŸ§º,basket,farming,picnic,laundry,,,,,
ğŸ§»,paper towels,roll of paper,toilet paper,,,,,,
ğŸª£,bucket,cask,vat,pail,,,,,
ğŸ§¼,bar,bathing,lather,cleaning,soap,soapdish,,,
ğŸª¥,bathroom,brush,dental,clean,hygiene,teeth,toothbrush,,
ğŸ§½,absorbing,cleaning,sponge,porous,,,,,
ğŸ§¯,extinguish,fire,quench,fire extinguisher,,,,,
ğŸ›’,cart,shopping,trolley,,,,,,
ğŸš¬,cigarette,smoking,,,,,,,
ğŸª¦,cemetery,grave,headstone,graveyard,tombstone,,,,
ğŸ—¿,face,moai,statue,moyai,,,,,
ğŸª§,demonstration,picket,protest,placard,sign,,,,
ğŸ§,atm,ATM sign,bank,automated,teller,,,,
ğŸš®,litter,litter bin,litter in bin sign,,,,,,
ğŸš°,drinking,potable,water,,,,,,
â™¿,access,wheelchair symbol,,,,,,,
ğŸš¹,lavatory,man,restroom,menâ€™s room,wc,,,,
ğŸšº,lavatory,restroom,woman,wc,womenâ€™s room,,,,
ğŸš»,lavatory,restroom,WC,,,,,,
ğŸš¼,baby,baby symbol,changing,,,,,,
ğŸš¾,closet,lavatory,water,restroom,wc,,,,
ğŸ›‚,control,passport,,,,,,,
ğŸ›ƒ,customs,,,,,,,,
ğŸ›„,baggage,claim,,,,,,,
ğŸ›…,baggage,left luggage,luggage,locker,,,,,
ğŸš¸,child,children crossing,pedestrian,crossing,traffic,,,,
â›”,entry,forbidden,not,no,prohibited,traffic,,,
ğŸš«,entry,forbidden,not,no,prohibited,,,,
ğŸš³,bicycle,bike,no,forbidden,no bicycles,prohibited,,,
ğŸš­,forbidden,no,prohibited,not,smoking,,,,
ğŸš¯,forbidden,litter,no littering,no,not,prohibited,,,
ğŸš±,non-drinking,non-potable,water,,,,,,
ğŸš·,forbidden,no,not,no pedestrians,pedestrian,prohibited,,,
ğŸ“µ,cell,forbidden,no,mobile,no mobile phones,phone,,,
ğŸ”,18,age restriction,no one under eighteen,eighteen,prohibited,underage,,,
ğŸ”ƒ,arrow,clockwise,reload,clockwise vertical arrows,,,,,
ğŸ”„,anticlockwise,arrow,counterclockwise arrows button,counterclockwise,withershins,,,,
ğŸ”™,arrow,back,BACK arrow,,,,,,
ğŸ”š,arrow,end,END arrow,,,,,,
ğŸ”›,arrow,mark,ON! arrow,on,,,,,
ğŸ”œ,arrow,soon,SOON arrow,,,,,,
ğŸ”,arrow,top,up,TOP arrow,,,,,
ğŸ›,place of worship,religion,worship,pray,,,,,
ğŸ•‰,Hindu,om,religion,,,,,,
ğŸ•,candelabrum,candlestick,religion,menorah,,,,,
ğŸ”¯,dotted six-pointed star,fortune,star,,,,,,
â™ˆ,Aries,ram,zodiac,,,,,,
â™‰,bull,ox,zodiac,Taurus,,,,,
â™Š,Gemini,twins,zodiac,,,,,,
â™‹,Cancer,crab,zodiac,,,,,,
â™Œ,Leo,lion,zodiac,,,,,,
â™,Virgo,zodiac,,,,,,,
â™,balance,justice,scales,Libra,zodiac,,,,
â™,Scorpio,scorpion,zodiac,scorpius,,,,,
â™,archer,Sagittarius,zodiac,,,,,,
â™‘,Capricorn,goat,zodiac,,,,,,
â™’,Aquarius,bearer,zodiac,water,,,,,
â™“,fish,Pisces,zodiac,,,,,,
â›,bearer,Ophiuchus,snake,serpent,zodiac,,,,
ğŸ”€,arrow,crossed,shuffle tracks button,,,,,,
ğŸ”,arrow,clockwise,repeat button,repeat,,,,,
ğŸ”‚,arrow,clockwise,repeat single button,once,,,,,
â©,arrow,double,fast-forward button,fast,forward,,,,
â­,arrow,next scene,next track button,next track,triangle,,,,
â¯,arrow,pause,play or pause button,play,right,triangle,,,
âª,arrow,double,rewind,fast reverse button,,,,,
â®,arrow,last track button,previous track,previous scene,triangle,,,,
ğŸ”¼,arrow,button,upwards button,red,,,,,
â«,arrow,double,fast up button,,,,,,
ğŸ”½,arrow,button,downwards button,down,red,,,,
â¬,arrow,double,fast down button,down,,,,,
â¸,bar,double,pause button,pause,vertical,,,,
â¹,square,stop,stop button,,,,,,
âº,circle,record,record button,,,,,,
ğŸ¦,camera,cinema,movie,film,,,,,
ğŸ”…,brightness,dim,low,dim button,,,,,
ğŸ”†,bright,bright button,brightness,,,,,,
ğŸ“¶,antenna,antenna bars,cell,bar,mobile,phone,,,
ğŸ“³,cell,mobile,phone,mode,telephone,vibration,,,
ğŸ“´,cell,mobile,phone,off,telephone,,,,
âš§,transgender,transgender symbol,,,,,,,
â•,+,math,sign,plus,,,,,
â–,-,âˆ’,minus,math,sign,,,,
â—,Ã·,divide,math,division,sign,,,,
â“,?,mark,question,punctuation,red question mark,,,,
â”,?,mark,punctuation,outlined,question,white question mark,,,
â•,!,exclamation,outlined,mark,punctuation,white exclamation mark,,,
â—,!,exclamation,punctuation,mark,red exclamation mark,,,,
ğŸ”±,anchor,emblem,tool,ship,trident,,,,
ğŸ“›,badge,name,,,,,,,
ğŸ”°,beginner,chevron,Japanese symbol for beginner,Japanese,leaf,,,,
â­•,circle,hollow red circle,o,large,red,mark,,,
âœ…,âœ“,button,mark,check,yes,,,,
âœ”,âœ“,check,mark,yes,,,,,
âŒ,Ã—,cancel,mark,cross,multiplication,multiply,x,no,
â,Ã—,cross mark button,square,mark,x,no,,,
â°,curl,curly loop,loop,,,,,,
ğŸ” ,ABCD,input,letters,latin,uppercase,,,,
ğŸ”¡,abcd,input,letters,latin,lowercase,,,,
ğŸ”¢,1234,input,numbers,,,,,,
ğŸ”£,ã€’â™ª&amp;%,input,input symbols,,,,,,
ğŸ”¤,abc,alphabet,latin,input,letters,,,,
ğŸ†,ab,AB button (blood type),blood type,,,,,,
ğŸ†‘,cl,CL button,,,,,,,
ğŸ†’,cool,COOL button,,,,,,,
ğŸ†“,free,FREE button,,,,,,,
ğŸ†”,id,ID button,identity,,,,,,
ğŸ†•,new,NEW button,,,,,,,
ğŸ†–,ng,NG button,,,,,,,
ğŸ†—,OK,OK button,,,,,,,
ğŸ†˜,help,sos,SOS button,,,,,,
ğŸ†™,mark,up,UP! button,,,,,,
ğŸ†š,versus,vs,VS button,,,,,,
ğŸˆ,â€œhereâ€,Japanese,katakana,Japanese â€œhereâ€ button,ã‚³ã‚³,,,,
ğŸˆ¶,â€œnot free of chargeâ€,ideograph,Japanese â€œnot free of chargeâ€ button,Japanese,æœ‰,,,,
ğŸˆ¯,â€œreservedâ€,ideograph,Japanese â€œreservedâ€ button,Japanese,æŒ‡,,,,
ğŸ‰,â€œbargainâ€,ideograph,Japanese â€œbargainâ€ button,Japanese,å¾—,,,,
ğŸˆ¹,â€œdiscountâ€,ideograph,Japanese â€œdiscountâ€ button,Japanese,å‰²,,,,
ğŸˆš,â€œfree of chargeâ€,ideograph,Japanese â€œfree of chargeâ€ button,Japanese,ç„¡,,,,
ğŸˆ²,â€œprohibitedâ€,ideograph,Japanese â€œprohibitedâ€ button,Japanese,ç¦,,,,
ğŸ‰‘,â€œacceptableâ€,ideograph,Japanese â€œacceptableâ€ button,Japanese,å¯,,,,
ğŸˆ¸,â€œapplicationâ€,ideograph,Japanese â€œapplicationâ€ button,Japanese,ç”³,,,,
ğŸˆ´,â€œpassing gradeâ€,ideograph,Japanese â€œpassing gradeâ€ button,Japanese,åˆ,,,,
ğŸˆ³,â€œvacancyâ€,ideograph,Japanese â€œvacancyâ€ button,Japanese,ç©º,,,,
ğŸˆº,â€œopen for businessâ€,ideograph,Japanese â€œopen for businessâ€ button,Japanese,å–¶,,,,
ğŸˆµ,â€œno vacancyâ€,ideograph,Japanese â€œno vacancyâ€ button,Japanese,æº€,,,,
ğŸ”´,circle,geometric,red,,,,,,
ğŸŸ ,circle,orange,,,,,,,
ğŸŸ¡,circle,yellow,,,,,,,
ğŸŸ¢,circle,green,,,,,,,
ğŸ”µ,blue,circle,geometric,,,,,,
ğŸŸ£,circle,purple,,,,,,,
ğŸŸ¤,brown,circle,,,,,,,
âš«,black circle,circle,geometric,,,,,,
âšª,circle,geometric,white circle,,,,,,
ğŸŸ¥,red,square,,,,,,,
ğŸŸ§,orange,square,,,,,,,
ğŸŸ¨,square,yellow,,,,,,,
ğŸŸ©,green,square,,,,,,,
ğŸŸ¦,blue,square,,,,,,,
ğŸŸª,purple,square,,,,,,,
ğŸŸ«,brown,square,,,,,,,
â¬›,black large square,geometric,square,,,,,,
â¬œ,geometric,square,white large square,,,,,,
â—¾,black medium-small square,geometric,square,,,,,,
â—½,geometric,square,white medium-small square,,,,,,
ğŸ”¶,diamond,geometric,orange,large orange diamond,,,,,
ğŸ”·,blue,diamond,large blue diamond,geometric,,,,,
ğŸ”¸,diamond,geometric,small orange diamond,orange,,,,,
ğŸ”¹,blue,diamond,small blue diamond,geometric,,,,,
ğŸ”º,geometric,red,red triangle pointed up,,,,,,
ğŸ”»,down,geometric,red triangle pointed down,red,,,,,
ğŸ’ ,comic,diamond,geometric,diamond with a dot,inside,,,,
ğŸ”³,button,geometric,square,outlined,white square button,,,,
ğŸ,checkered,chequered,racing,chequered flag,,,,,
ğŸš©,post,triangular flag,,,,,,,
ğŸŒ,celebration,cross,crossed flags,crossed,Japanese,,,,
ğŸ´,black flag,waving,,,,,,,
ğŸ³,waving,white flag,,,,,,,
ğŸ³â€ğŸŒˆ,pride,rainbow,rainbow flag,,,,,,
ğŸ³â€âš§,flag,light blue,transgender,pink,white,,,,
ğŸ´â€â˜ ,Jolly Roger,pirate,plunder,pirate flag,treasure,,,,
#ï¸âƒ£,keycap,pound,hash,,,,,,
*ï¸âƒ£,keycap,asterisk,,,,,,,
0ï¸âƒ£,keycap,0,zero,,,,,,
1ï¸âƒ£,keycap,1,one,,,,,,
2ï¸âƒ£,keycap,2,two,,,,,,
3ï¸âƒ£,keycap,3,three,,,,,,
4ï¸âƒ£,keycap,4,four,,,,,,
5ï¸âƒ£,keycap,5,five,,,,,,
6ï¸âƒ£,keycap,6,six,,,,,,
7ï¸âƒ£,keycap,7,seven,,,,,,
8ï¸âƒ£,keycap,8,eight,,,,,,
9ï¸âƒ£,keycap,9,nine,,,,,,
ğŸ”Ÿ,keycap,10,ten,,,,,,